<?xml version="1.0" encoding="UTF-8"?>
<metadata><idinfo><citation><citeinfo><origin>Landmarks Preservation Commission (Jennifer L. Most)</origin><title Sync="TRUE">LPCPillarGISDbPrd.DBO.HIST_DISTR_BNDRY_PROP_AND_DESIG</title><geoform Sync="TRUE">vector digital data</geoform><serinfo><sername>New York City Historic Districts</sername></serinfo><pubinfo><publish>New York City Landmarks Preservation Commission (LPC)</publish></pubinfo><onlink Sync="TRUE">Server=10.155.48.34; Service=sde:sqlserver:MSPRAWPCSQL0182.CSC.NYCNET\PROD08I2; Database=LPCPillarGISDbPrd; User=sl_LPCPillarDBO; Version=dbo.DEFAULT</onlink><pubdate>REQUIRED: The date when the data set is published or otherwise made available for release.</pubdate><ftname Sync="TRUE">LPCPillarGISDbPrd.DBO.HIST_DISTR_BNDRY_PROP_AND_DESIG</ftname></citeinfo></citation><descript><abstract>This dataset contains boundaries and associated attribute information for all calendared, heard and designated historic districts, as well as any district ever assigned an LP number (including items that may have been denied designation or overturned), and many proposed districts in the study area phase. Where possible, boundary changes have been tracked as separate records within the database. Pay close attention to the "CURRENT_STATUS", "STATUS_OF_BOUNDARY" and "LAST_ACTION_ON_BOUNDARY" as well as the "BOUNDARY_NOTES" to determine the present status of any given record. The geographic locations of the polygons in this dataset are derived primarily from the Department of City Planning's PLUTO dataset, and therefore discrepancies may arise where the LPC dataset has not been updated with information from the most recent PLUTO releases. Please pay close attention to the field descriptions present in the file's metadata to understand how to use this dataset. And please contact LPC if there are questions or concerns.</abstract><purpose>Provides information regarding all historic districts that have calendared, heard, or designated by the Landmarks Preservation Commission, or for which an LP number has been issued, as well as many proposed districts in the study area phase.</purpose><supplinf>Please contact the LPC Data and Mapping Administrator for further information on this data set.</supplinf><langdata Sync="TRUE">en</langdata></descript><timeperd><timeinfo><rngdates><begdate>October 14, 1965</begdate></rngdates></timeinfo><current>ground condition</current></timeperd><status><progress>In work</progress><update>As needed</update></status><spdom><bounding><westbc Sync="TRUE">-74.255592</westbc><eastbc Sync="TRUE">-73.743299</eastbc><northbc Sync="TRUE">40.903416</northbc><southbc Sync="TRUE">40.507729</southbc></bounding><lboundng><leftbc Sync="TRUE">913595.384998</leftbc><rightbc Sync="TRUE">1055211.334090</rightbc><bottombc Sync="TRUE">124359.330841</bottombc><topbc Sync="TRUE">268416.936793</topbc></lboundng></spdom><keywords><theme><themekt>REQUIRED: Reference to a formally registered thesaurus or a similar authoritative source of theme keywords.</themekt><themekey>Landmark</themekey><themekey>Landmarks</themekey><themekey>Landmarks Preservation Commission</themekey><themekey>Historic Preservation</themekey><themekey>Preservation</themekey><themekey>LPC</themekey><themekey>Landmark List</themekey><themekey>Individual Landmark</themekey><themekey>Interior Landmark</themekey><themekey>Scenic Landmark</themekey><themekey>Historic District</themekey><themekey>Historic Districts</themekey><themekey>Boundaries</themekey></theme><place><placekey>New York</placekey><placekey>New York City</placekey><placekey>NYC</placekey><placekey>Bronx</placekey><placekey>Brooklyn</placekey><placekey>Manhattan</placekey><placekey>Queens</placekey><placekey>Staten Island</placekey><placekey>5 Boroughs</placekey><placekey>Five Boroughs</placekey></place></keywords><accconst>Please contact the LPC Data and Mapping Administrator for further information on this data set.</accconst><useconst>Please contact the LPC Data and Mapping Administrator for further information on this data set.</useconst><ptcontac><cntinfo><cntorgp><cntorg>New York City Landmarks Preservation Commission (LPC)</cntorg><cntper>Public Information</cntper></cntorgp><cntvoice>212-669-7700</cntvoice><cntemail>info@lpc.nyc.gov</cntemail><hours>9am-5pm, weekdays</hours></cntinfo></ptcontac><datacred>Landmarks Preservation Commission</datacred><native Sync="TRUE">Microsoft Windows Vista Version 6.1 (Build 7601) Service Pack 1; ESRI ArcCatalog 9.3.1.3000</native><natvform Sync="TRUE">SDE Feature Class</natvform></idinfo><dataqual><logic>The geographic locations of the polygon boundaries in this dataset are derived primarily from the Department of City Planning's PLUTO data. These locations are not necessariliy updated with changes to the aforementioned datasets, and so discrepancies are possible.</logic></dataqual><spdoinfo><direct Sync="TRUE">Vector</direct><ptvctinf><esriterm Name="HistoricDistricts_After2007"><efeatyp Sync="TRUE">Simple</efeatyp><efeageom code="4" Sync="TRUE"></efeageom><esritopo Sync="TRUE">FALSE</esritopo><efeacnt Sync="TRUE">0</efeacnt><spindex Sync="TRUE">FALSE</spindex><linrefer Sync="TRUE">FALSE</linrefer></esriterm></ptvctinf></spdoinfo><spref><horizsys><planar><planci><plance Sync="TRUE">coordinate pair</plance><coordrep><absres Sync="TRUE">0.000018</absres><ordres Sync="TRUE">0.000018</ordres></coordrep><plandu Sync="TRUE">survey feet</plandu></planci></planar><geodetic><horizdn Sync="TRUE">North American Datum of 1983</horizdn><ellips Sync="TRUE">Geodetic Reference System 80</ellips><semiaxis Sync="TRUE">6378137.000000</semiaxis><denflat Sync="TRUE">298.257222</denflat></geodetic><cordsysn><geogcsn Sync="TRUE">GCS_North_American_1983</geogcsn><projcsn Sync="TRUE">NAD_1983_StatePlane_New_York_Long_Island_FIPS_3104_Feet</projcsn></cordsysn></horizsys><vertdef><altsys><altenc Sync="TRUE">Explicit elevation coordinate included with horizontal coordinates</altenc><altres Sync="TRUE">1.000000</altres></altsys></vertdef></spref><eainfo><detailed Name="HistoricDistricts_After2007"><enttyp><enttypl Sync="TRUE">HistoricDistricts_After2007</enttypl><enttypd>Provides information regarding all items calendared, heard, or designated by the Landmarks Preservation Commission, or for which an LP number has been issued.</enttypd><enttypds>LPC, JLM</enttypds><enttypt Sync="TRUE">Feature Class</enttypt><enttypc Sync="TRUE">0</enttypc></enttyp><attr><attrlabl Sync="TRUE">FID</attrlabl><attalias Sync="TRUE">FID</attalias><attrtype Sync="TRUE">OID</attrtype><attwidth Sync="TRUE">4</attwidth><atprecis Sync="TRUE">0</atprecis><attscale Sync="TRUE">0</attscale><attrdef Sync="TRUE">Internal feature number.</attrdef><attrdefs Sync="TRUE">Esri</attrdefs><attrdomv><udom Sync="TRUE">Sequential unique whole numbers that are automatically generated.</udom></attrdomv></attr><attr><attrlabl>Shape</attrlabl><attrdef>Feature geometry.</attrdef><attrdefs>ESRI</attrdefs><attrdomv><udom>Coordinates defining the features.</udom></attrdomv><attalias Sync="TRUE">Shape</attalias><attrtype Sync="TRUE">Geometry</attrtype><attwidth Sync="TRUE">0</attwidth><atprecis Sync="TRUE">0</atprecis><attscale Sync="TRUE">0</attscale></attr><attr><attrlabl>BOROUGH</attrlabl><attrdef>Borough expressed as a two character abbreviation (MN=Manhattan, BX=Bronx, BK=Brooklyn, QN=Queens, and SI=Staten Island)</attrdef><attalias Sync="TRUE">BOROUGH</attalias><attrtype Sync="TRUE">String</attrtype><attwidth Sync="TRUE">2</attwidth><atprecis Sync="TRUE">0</atprecis><attscale Sync="TRUE">0</attscale><attrdefs>LPC, JLM</attrdefs></attr><attr><attrlabl>LP_NUMBER</attrlabl><attrdef>Internal LPC identifier (LP-XXXXX) used to identify a single designation (one LP number is assigned per Historic District, Individual, Scenic, or Interior Landmark)</attrdef><attrdefs>LPC, JLM</attrdefs><attalias Sync="TRUE">LP_NUMBER</attalias><attrtype Sync="TRUE">String</attrtype><attwidth Sync="TRUE">15</attwidth><atprecis Sync="TRUE">0</atprecis><attscale Sync="TRUE">0</attscale></attr><attr><attrlabl>CURRENT_</attrlabl><attrdef>Indicates whether a record in the database is presently active/current (No=Not active/current; Yes=Active/current)</attrdef><attalias Sync="TRUE">CURRENT_</attalias><attrtype Sync="TRUE">String</attrtype><attwidth Sync="TRUE">6</attwidth><atprecis Sync="TRUE">0</atprecis><attscale Sync="TRUE">0</attscale><attrdefs>LPC, JLM</attrdefs></attr><attr><attrlabl>AREA_NAME</attrlabl><attrdef>Name of the calendared, heard, or designated historic district or study area</attrdef><attalias Sync="TRUE">AREA_NAME</attalias><attrtype Sync="TRUE">String</attrtype><attwidth Sync="TRUE">150</attwidth><atprecis Sync="TRUE">0</atprecis><attscale Sync="TRUE">0</attscale><attrdefs>LPC, JLM</attrdefs></attr><attr><attrlabl>EXTENSION</attrlabl><attrdef>Denotes (either yes or no) whether the item is an extension of a previously designated historic district</attrdef><attalias Sync="TRUE">EXTENSION</attalias><attrtype Sync="TRUE">String</attrtype><attwidth Sync="TRUE">6</attwidth><atprecis Sync="TRUE">0</atprecis><attscale Sync="TRUE">0</attscale><attrdefs>LPC, JLM</attrdefs></attr><attr><attrlabl Sync="TRUE">STATUS_OF_</attrlabl><attalias Sync="TRUE">STATUS_OF_</attalias><attrtype Sync="TRUE">String</attrtype><attwidth Sync="TRUE">150</attwidth><atprecis Sync="TRUE">0</atprecis><attscale Sync="TRUE">0</attscale></attr><attr><attrlabl Sync="TRUE">LAST_ACTIO</attrlabl><attalias Sync="TRUE">LAST_ACTIO</attalias><attrtype Sync="TRUE">String</attrtype><attwidth Sync="TRUE">254</attwidth><atprecis Sync="TRUE">0</atprecis><attscale Sync="TRUE">0</attscale></attr><attr><attrlabl Sync="TRUE">BOUNDARY_N</attrlabl><attalias Sync="TRUE">BOUNDARY_N</attalias><attrtype Sync="TRUE">String</attrtype><attwidth Sync="TRUE">250</attwidth><atprecis Sync="TRUE">0</atprecis><attscale Sync="TRUE">0</attscale></attr><attr><attrlabl Sync="TRUE">PUBLIC_HEA</attrlabl><attalias Sync="TRUE">PUBLIC_HEA</attalias><attrtype Sync="TRUE">String</attrtype><attwidth Sync="TRUE">50</attwidth><atprecis Sync="TRUE">0</atprecis><attscale Sync="TRUE">0</attscale></attr><attr><attrlabl Sync="TRUE">OTHER_HEAR</attrlabl><attalias Sync="TRUE">OTHER_HEAR</attalias><attrtype Sync="TRUE">String</attrtype><attwidth Sync="TRUE">50</attwidth><atprecis Sync="TRUE">0</atprecis><attscale Sync="TRUE">0</attscale></attr><attr><attrlabl Sync="TRUE">Shape_area</attrlabl><attalias Sync="TRUE">Shape_area</attalias><attrtype Sync="TRUE">Double</attrtype><attwidth Sync="TRUE">19</attwidth><atprecis Sync="TRUE">0</atprecis><attscale Sync="TRUE">0</attscale><attrdef Sync="TRUE">Area of feature in internal units squared.</attrdef><attrdefs Sync="TRUE">Esri</attrdefs><attrdomv><udom Sync="TRUE">Positive real numbers that are automatically generated.</udom></attrdomv></attr><attr><attrlabl Sync="TRUE">Shape_len</attrlabl><attalias Sync="TRUE">Shape_len</attalias><attrtype Sync="TRUE">Double</attrtype><attwidth Sync="TRUE">19</attwidth><atprecis Sync="TRUE">0</atprecis><attscale Sync="TRUE">0</attscale></attr><attr><attrlabl Sync="TRUE">DESDATE</attrlabl><attalias Sync="TRUE">DESDATE</attalias><attrtype Sync="TRUE">String</attrtype><attwidth Sync="TRUE">50</attwidth><atprecis Sync="TRUE">0</atprecis><attscale Sync="TRUE">0</attscale></attr><attr><attrlabl Sync="TRUE">CALDATE</attrlabl><attalias Sync="TRUE">CALDATE</attalias><attrtype Sync="TRUE">String</attrtype><attwidth Sync="TRUE">50</attwidth><atprecis Sync="TRUE">0</atprecis><attscale Sync="TRUE">0</attscale></attr><attr><attrlabl Sync="TRUE">DATE</attrlabl><attalias Sync="TRUE">DATE</attalias><attrtype Sync="TRUE">Date</attrtype><attwidth Sync="TRUE">8</attwidth><atprecis Sync="TRUE">0</atprecis><attscale Sync="TRUE">0</attscale></attr></detailed><overview><eaover>FID, Shape, OBECTID, BOROUGH, LP_NUMBER, CHANGED_LPS, RELATED_LPS, CURRENT_, AREA_NAME, OTHER_NAME, EXTENSION, STATUS_OF_BOUNDARY, LAST_ACTION_ON_BOUNDARY, BOUNDARY_NOTES, DESIG_DATE, PUBLIC_HEARING, CALEN_DATE, OTHER_HEARINGS, OTHER_NOTES, SURVEY_NAME, SURVEY_DATE, DATE_LAST_MODIFIED, Shape, Shape.area, Shape.len</eaover><eadetcit>Jennifer L. Most, LPC</eadetcit></overview></eainfo><distinfo><distrib><cntinfo><cntorgp><cntorg>New York City Landmarks Preservation Commission (LPC)</cntorg><cntper>Public Information</cntper></cntorgp><cntaddr><addrtype>physical address</addrtype><address>1 Centre Street, 9th Floor</address><city>New York</city><state>NY</state><postal>10007</postal><country>USA</country></cntaddr><cntvoice>212-669-7700</cntvoice><cntemail>info@lpc.nyc.gov</cntemail><hours>9am-5pm, weekdays</hours></cntinfo></distrib><resdesc>Downloadable Data</resdesc><stdorder><digform><digtinfo><transize>1.236</transize></digtinfo></digform></stdorder></distinfo><metainfo><metd Sync="TRUE">20150608</metd><metc><cntinfo><cntorgp><cntorg>New York City Landmarks Preservation Commission (LPC)</cntorg><cntper>Public Information</cntper></cntorgp><cntaddr><addrtype>physical address</addrtype><address>1 Centre Street, 9th Floor</address><city>New York</city><state>NY</state><postal>10007</postal><country>USA</country></cntaddr><cntvoice>212-669-7700</cntvoice><cntemail>info@lpc.nyc.gov</cntemail><hours>9am-5pm, weekdays</hours></cntinfo></metc><metstdn Sync="TRUE">FGDC Content Standards for Digital Geospatial Metadata</metstdn><metstdv Sync="TRUE">FGDC-STD-001-1998</metstdv><mettc Sync="TRUE">local time</mettc><langmeta Sync="TRUE">en</langmeta></metainfo><Esri><CreaDate>20210707</CreaDate><CreaTime>10471600</CreaTime><SyncOnce>FALSE</SyncOnce><SyncDate>20241220</SyncDate><SyncTime>13583900</SyncTime><ModDate>20241220</ModDate><ModTime>13583900</ModTime><DataProperties><itemProps><itemName Sync="TRUE">HistoricDistricts_After2007</itemName><imsContentType Sync="TRUE">002</imsContentType><nativeExtBox><westBL Sync="TRUE">913595.384998</westBL><eastBL Sync="TRUE">1055212.256011</eastBL><southBL Sync="TRUE">124354.794312</southBL><northBL Sync="TRUE">268417.418875</northBL><exTypeCode Sync="TRUE">1</exTypeCode></nativeExtBox><itemLocation><linkage Sync="TRUE">file://\\XPS17\C$\PPC\GJ\Rent Stabilized\GIS\RentStabilized\2Can\HistoricDistricts_After2007.shp</linkage><protocol Sync="TRUE">Local Area Network</protocol></itemLocation><itemSize Sync="TRUE">0.000</itemSize></itemProps><coordRef><type Sync="TRUE">Projected</type><geogcsn Sync="TRUE">GCS_North_American_1983</geogcsn><csUnits Sync="TRUE">Linear Unit: Foot_US (0.304801)</csUnits><projcsn Sync="TRUE">NAD_1983_StatePlane_New_York_Long_Island_FIPS_3104_Feet</projcsn><peXml Sync="TRUE">&lt;ProjectedCoordinateSystem xsi:type='typens:ProjectedCoordinateSystem' xmlns:xsi='http://www.w3.org/2001/XMLSchema-instance' xmlns:xs='http://www.w3.org/2001/XMLSchema' xmlns:typens='http://www.esri.com/schemas/ArcGIS/3.3.0'&gt;&lt;WKT&gt;PROJCS[&amp;quot;NAD_1983_StatePlane_New_York_Long_Island_FIPS_3104_Feet&amp;quot;,GEOGCS[&amp;quot;GCS_North_American_1983&amp;quot;,DATUM[&amp;quot;D_North_American_1983&amp;quot;,SPHEROID[&amp;quot;GRS_1980&amp;quot;,6378137.0,298.257222101]],PRIMEM[&amp;quot;Greenwich&amp;quot;,0.0],UNIT[&amp;quot;Degree&amp;quot;,0.0174532925199433]],PROJECTION[&amp;quot;Lambert_Conformal_Conic&amp;quot;],PARAMETER[&amp;quot;False_Easting&amp;quot;,984250.0],PARAMETER[&amp;quot;False_Northing&amp;quot;,0.0],PARAMETER[&amp;quot;Central_Meridian&amp;quot;,-74.0],PARAMETER[&amp;quot;Standard_Parallel_1&amp;quot;,40.66666666666666],PARAMETER[&amp;quot;Standard_Parallel_2&amp;quot;,41.03333333333333],PARAMETER[&amp;quot;Latitude_Of_Origin&amp;quot;,40.16666666666666],UNIT[&amp;quot;Foot_US&amp;quot;,0.3048006096012192],AUTHORITY[&amp;quot;EPSG&amp;quot;,2263]]&lt;/WKT&gt;&lt;XOrigin&gt;-120039300&lt;/XOrigin&gt;&lt;YOrigin&gt;-96540300&lt;/YOrigin&gt;&lt;XYScale&gt;37212589.015695661&lt;/XYScale&gt;&lt;ZOrigin&gt;-100000&lt;/ZOrigin&gt;&lt;ZScale&gt;10000&lt;/ZScale&gt;&lt;MOrigin&gt;-100000&lt;/MOrigin&gt;&lt;MScale&gt;10000&lt;/MScale&gt;&lt;XYTolerance&gt;0.0032808333333333331&lt;/XYTolerance&gt;&lt;ZTolerance&gt;0.001&lt;/ZTolerance&gt;&lt;MTolerance&gt;0.001&lt;/MTolerance&gt;&lt;HighPrecision&gt;true&lt;/HighPrecision&gt;&lt;WKID&gt;102718&lt;/WKID&gt;&lt;LatestWKID&gt;2263&lt;/LatestWKID&gt;&lt;/ProjectedCoordinateSystem&gt;</peXml></coordRef><lineage><Process ToolSource="c:\program files\arcgis\pro\Resources\ArcToolbox\toolboxes\Data Management Tools.tbx\UpdateSchema" Date="20241216" Time="143640">UpdateSchema "CIMDATA=&lt;CIMStandardDataConnection xsi:type='typens:CIMStandardDataConnection' xmlns:xsi='http://www.w3.org/2001/XMLSchema-instance' xmlns:xs='http://www.w3.org/2001/XMLSchema' xmlns:typens='http://www.esri.com/schemas/ArcGIS/3.3.0'&gt;&lt;WorkspaceConnectionString&gt;DATABASE=C:\PPC\GIS Source\Historic Districts\Historic_Districts_2021_&lt;/WorkspaceConnectionString&gt;&lt;WorkspaceFactory&gt;Shapefile&lt;/WorkspaceFactory&gt;&lt;Dataset&gt;Historic_Districts.shp&lt;/Dataset&gt;&lt;DatasetType&gt;esriDTFeatureClass&lt;/DatasetType&gt;&lt;/CIMStandardDataConnection&gt;" &lt;operationSequence&gt;&lt;workflow&gt;&lt;AddField&gt;&lt;field_name&gt;DATE&lt;/field_name&gt;&lt;field_type&gt;DATE&lt;/field_type&gt;&lt;field_is_nullable&gt;False&lt;/field_is_nullable&gt;&lt;field_is_required&gt;False&lt;/field_is_required&gt;&lt;/AddField&gt;&lt;/workflow&gt;&lt;/operationSequence&gt;</Process><Process ToolSource="c:\program files\arcgis\pro\Resources\ArcToolbox\toolboxes\Data Management Tools.tbx\CalculateField" Date="20241216" Time="143659">CalculateField Historic_Districts DATE !DESDATE! Python # Text NO_ENFORCE_DOMAINS</Process><Process ToolSource="c:\program files\arcgis\pro\Resources\ArcToolbox\toolboxes\Data Management Tools.tbx\CalculateField" Date="20241216" Time="143711">CalculateField Historic_Districts DATE !DESDATE! Python # Text NO_ENFORCE_DOMAINS</Process><Process ToolSource="c:\program files\arcgis\pro\Resources\ArcToolbox\toolboxes\Conversion Tools.tbx\ExportFeatures" Date="20241220" Time="135839">ExportFeatures Historic_Districts "C:\PPC\GJ\Rent Stabilized\GIS\RentStabilized\2Can\HistoricDistricts_After2007.shp" # NOT_USE_ALIAS "BOROUGH "BOROUGH" true true false 2 Text 0 0,First,#,Historic_Districts,BOROUGH,0,1;LP_NUMBER "LP_NUMBER" true true false 15 Text 0 0,First,#,Historic_Districts,LP_NUMBER,0,14;CURRENT_ "CURRENT_" true true false 6 Text 0 0,First,#,Historic_Districts,CURRENT_,0,5;AREA_NAME "AREA_NAME" true true false 150 Text 0 0,First,#,Historic_Districts,AREA_NAME,0,149;EXTENSION "EXTENSION" true true false 6 Text 0 0,First,#,Historic_Districts,EXTENSION,0,5;STATUS_OF_ "STATUS_OF_" true true false 150 Text 0 0,First,#,Historic_Districts,STATUS_OF_,0,149;LAST_ACTIO "LAST_ACTIO" true true false 254 Text 0 0,First,#,Historic_Districts,LAST_ACTIO,0,253;BOUNDARY_N "BOUNDARY_N" true true false 250 Text 0 0,First,#,Historic_Districts,BOUNDARY_N,0,249;PUBLIC_HEA "PUBLIC_HEA" true true false 50 Text 0 0,First,#,Historic_Districts,PUBLIC_HEA,0,49;OTHER_HEAR "OTHER_HEAR" true true false 50 Text 0 0,First,#,Historic_Districts,OTHER_HEAR,0,49;Shape_area "Shape_area" true true false 19 Double 0 0,First,#,Historic_Districts,Shape_area,-1,-1;Shape_len "Shape_len" true true false 19 Double 0 0,First,#,Historic_Districts,Shape_len,-1,-1;DESDATE "DESDATE" true true false 50 Text 0 0,First,#,Historic_Districts,DESDATE,0,49;CALDATE "CALDATE" true true false 50 Text 0 0,First,#,Historic_Districts,CALDATE,0,49;DATE "DATE" true true false 8 Date 0 0,First,#,Historic_Districts,DATE,-1,-1" #</Process></lineage></DataProperties><scaleRange><minScale>150000000</minScale><maxScale>5000</maxScale></scaleRange><ArcGISProfile>ItemDescription</ArcGISProfile><ArcGISFormat>1.0</ArcGISFormat></Esri><dataIdInfo><envirDesc Sync="TRUE">Microsoft Windows 10 Version 10.0 (Build 22631) ; Esri ArcGIS 13.3.2.52636</envirDesc><dataLang><languageCode Sync="TRUE" value="eng"/><countryCode value="USA" Sync="TRUE"/></dataLang><idCitation><resTitle Sync="TRUE">HistoricDistricts_After2007</resTitle><presForm><PresFormCd Sync="TRUE" value="005"/></presForm></idCitation><spatRpType><SpatRepTypCd Sync="TRUE" value="001"/></spatRpType><dataExt><geoEle><GeoBndBox esriExtentType="native"><westBL Sync="TRUE">913595.384998</westBL><eastBL Sync="TRUE">1055211.33409</eastBL><northBL Sync="TRUE">268416.936793</northBL><southBL Sync="TRUE">124359.330841</southBL><exTypeCode Sync="TRUE">1</exTypeCode></GeoBndBox></geoEle></dataExt><geoBox esriExtentType="decdegrees"><westBL Sync="TRUE">-74.255592</westBL><eastBL Sync="TRUE">-73.743299</eastBL><northBL Sync="TRUE">40.903416</northBL><southBL Sync="TRUE">40.507729</southBL><exTypeCode Sync="TRUE">1</exTypeCode></geoBox><dataExt><geoEle><GeoBndBox esriExtentType="search"><exTypeCode Sync="TRUE">1</exTypeCode><westBL Sync="TRUE">-74.255592</westBL><eastBL Sync="TRUE">-73.743295</eastBL><northBL Sync="TRUE">40.903417</northBL><southBL Sync="TRUE">40.507716</southBL></GeoBndBox></geoEle></dataExt><idPurp>Provides information regarding all historic districts that have calendared, heard, or designated by the Landmarks Preservation Commission, or for which an LP number has been issued, as well as many proposed districts in the study area phase.</idPurp><idAbs>&lt;DIV STYLE="text-align:Left;"&gt;&lt;DIV&gt;&lt;P&gt;&lt;SPAN&gt;This dataset contains boundaries and associated attribute information for all calendared, heard and designated historic districts, as well as any district ever assigned an LP number (including items that may have been denied designation or overturned), and many proposed districts in the study area phase. Where possible, boundary changes have been tracked as separate records within the database. Pay close attention to the "CURRENT_STATUS", "STATUS_OF_BOUNDARY" and "LAST_ACTION_ON_BOUNDARY" as well as the "BOUNDARY_NOTES" to determine the present status of any given record. The geographic locations of the polygons in this dataset are derived primarily from the Department of City Planning's PLUTO dataset, and therefore discrepancies may arise where the LPC dataset has not been updated with information from the most recent PLUTO releases. Please pay close attention to the field descriptions present in the file's metadata to understand how to use this dataset. And please contact LPC if there are questions or concerns.&lt;/SPAN&gt;&lt;/P&gt;&lt;/DIV&gt;&lt;/DIV&gt;</idAbs><idCredit>Landmarks Preservation Commission</idCredit><searchKeys><keyword>Landmark</keyword><keyword>Landmarks</keyword><keyword>Landmarks Preservation Commission</keyword><keyword>Historic Preservation</keyword><keyword>Preservation</keyword><keyword>LPC</keyword><keyword>Landmark List</keyword><keyword>Individual Landmark</keyword><keyword>Interior Landmark</keyword><keyword>Scenic Landmark</keyword><keyword>Historic District</keyword><keyword>Historic Districts</keyword><keyword>Boundaries</keyword></searchKeys><resConst><Consts><useLimit>&lt;DIV STYLE="text-align:Left;"&gt;&lt;DIV&gt;&lt;P&gt;&lt;SPAN&gt;Please contact the Landmarks Preservation Commission for further information on this data set.&lt;/SPAN&gt;&lt;/P&gt;&lt;/DIV&gt;&lt;/DIV&gt;</useLimit></Consts></resConst></dataIdInfo><mdLang><languageCode Sync="TRUE" value="eng"/><countryCode value="USA" Sync="TRUE"/></mdLang><mdStanName Sync="TRUE">ISO 19115 Geographic Information - Metadata</mdStanName><mdStanVer Sync="TRUE">DIS_ESRI1.0</mdStanVer><mdChar><CharSetCd Sync="TRUE" value="004"/></mdChar><mdHrLv><ScopeCd Sync="TRUE" value="005"/></mdHrLv><mdHrLvName Sync="TRUE">dataset</mdHrLvName><distInfo><distributor><distorTran><onLineSrc><orDesc Sync="TRUE">002</orDesc><linkage Sync="TRUE">Server=10.155.48.34; Service=sde:sqlserver:MSPRAWPCSQL0182.CSC.NYCNET\PROD08I2; Database=LPCPillarGISDbPrd; User=sl_LPCPillarDBO; Version=dbo.DEFAULT</linkage><protocol Sync="TRUE">ArcSDE Connection</protocol></onLineSrc></distorTran><distorFormat><formatName Sync="TRUE">SDE Feature Class</formatName></distorFormat></distributor><distFormat><formatName Sync="TRUE">Shapefile</formatName></distFormat><distTranOps><transSize Sync="TRUE">0.000</transSize></distTranOps></distInfo><refSysInfo><RefSystem><refSysID><identCode Sync="TRUE" code="2263">NAD_1983_StatePlane_New_York_Long_Island_FIPS_3104_Feet</identCode><idCodeSpace Sync="TRUE">EPSG</idCodeSpace><idVersion Sync="TRUE">5.3(9.0.0)</idVersion></refSysID></RefSystem></refSysInfo><spatRepInfo><VectSpatRep><geometObjs Name="HistoricDistricts_After2007"><geoObjTyp><GeoObjTypCd value="002" Sync="TRUE"></GeoObjTypCd></geoObjTyp><geoObjCnt Sync="TRUE">0</geoObjCnt></geometObjs><topLvl><TopoLevCd value="001" Sync="TRUE"></TopoLevCd></topLvl></VectSpatRep></spatRepInfo><mdDateSt Sync="TRUE">20241220</mdDateSt></metadata>
